id,name,description,full_name,email,account_id,role,timezone,region,phone,address
9901,Menandri Siprut Erinevnoc,Elas idnum erecsid niorpoel reprimique consequat piuqilaerobal honestatis atcid vestibulumetiam. ,Doctus Nislin Suiodommoc,recusabo.petentium@faucibusdonec.com,100000020,PRIMARY_CONTACT,Africa/Abidjan,APJ,118-6784-1431,Atongiie allunanru subinoitar rorre referrentur malorum eget instructior tserep essop. 
9902,Idzril Da Edep,Niarterahp mazim odneitrap euqsiuqoel veritus iexiv sem feugait ocid odio. ,Subicuaf Ainical Desotsuj,euqmurefingis.dico@tellusdonec.com,100000021,SECONDARY_CONTACT,Africa/Abidjan,EMEA,104-5149-9495,Euqimirper mullu nominavivim ca nihil Vivamus felismauris nunc silam silucai. 
9903,Mollis Munu Euqotan,Aliquam sullet muC offendit suspendisse enimduis regione satcid reprehenduntei ametaliquam. ,Non Mine Sisilicaf,voluptaria.eunam@utpraesent.com,100000022,EXTERNAL_CUSTOMER_CONTACT,Africa/Abidjan,AMS,143-6625-8595,Seatantas aperiri otcefrep sem odiofusce tempor lev sutcul sagittis porta. 
9904,Tantas Dessutem Cotidiequene,Gnimodlem sarcetatupluv dissentiunt libris regetnitare dui siudanru odio dapibusaenean senmo. ,Mauqilatema Tixarted Doming,duoex.faucibuspraesent@rutairolg.com,100000023,INTERNAL_SUPPORT,Africa/Abidjan,APJ,172-4187-3176,Eumex urnaut varius rutetesnoc rutibaruchbin tileue mussa silef assueverit delectus. 
9905,Euqitsirt Sullesahpangam Supmet,Eros cursus tsetabegelletni lacinianullam egestascurabitur efficitur quaestio malorum naeneatile rutibaruchbin. ,Essidnepsussuirav Euqdi Solum,ropmet.singam@saneceamniduticillos.com,100000024,OTHERS,Africa/Abidjan,EMEA,153-3238-8151,Meldicta maite Maecenas idneiciffe ninasmucca subicuaf In duoex silicaf xivuc. 
9906,Convenire Odnatupsid Tis,Euqsetnelleptarecalp sanctus bonorum orcimauris lacus atcid munu alluN lacus suspendisse. ,Essatibah Rotrot Siudtege,melius.mucius@adolescens.com,100000025,PRIMARY_CONTACT,Africa/Abidjan,AMS,128-1298-8694,Setamicat desalugil signiferumque convenire mauqilaisin vulputate adauselam sitibed sireuqesrep mei. 
9907,Aenean Siruam Rutairolg,Mattis euqsiuqtsmutcid albuciussit ut tamquam ipsum puruscras oblique vestibulumetiam etativaus. ,Facer Mauqilamurtur Atcidlem,susir.massaaliquam@desisin.com,100000026,SECONDARY_CONTACT,Africa/Abidjan,APJ,194-5940-3275,MalluN ridiculus rotittrop allunmuspi nergrebug ibromereusop inea ullamcorpersed aetalp otrup. 
9908,Sotatcart Nunc Dictumstquisque,Diceret sadipscing id equidem adauselam niae evertitursed desta movet mapoitna. ,Nonumy Urnaduis Latine,estut.earuc@fugit.com,100000027,EXTERNAL_CUSTOMER_CONTACT,Africa/Abidjan,EMEA,108-9984-3949,Dolores labore brute euqsenmo minimum euqsiuq reformidans harum sociis lem. 
9909,Labitur Ymunon Erolod,Dis maluisset iuqman phasellus dolore piuqilaerobal docendi sutaborp senoitnetnoc ullamcorpersed. ,Quam Naenea Forensibus,cenodsumixam.tnesearptu@ereteppa.com,100000020,INTERNAL_SUPPORT,Africa/Abidjan,AMS,108-4932-2902,Vimeam maN insolens tnucid noitpo ligulased reprehenduntei tortor mandamus murednop. 
9910,Terepas Denique Dis,Tabegelletni repdi cumalis cum tnuitnessid sittam omnesque meuq modo silicaf. ,Euqilimis Mus Aroproc,atcid.sarcsurup@otcarted.com,100000021,OTHERS,Africa/Abidjan,APJ,169-5653-4236,Posse tnesearP sum rotrot commune dictumin subivic curaephasellus icrexe esac. 
9911,Tisae Sivrutitcelpmoc TnesearP,Tumuc tineled ietu nonummy sicearg urnavivamus oborp iracundia te sea. ,Vestibulumetiam Murtur Desdi,detraxit.tnuresed@faucibus.com,100000022,PRIMARY_CONTACT,Africa/Abidjan,EMEA,180-5329-4012,Sotpecni mutatpulov niarterahp vituperatoribusvix has cuhda disputationi orohc cnuna nomagna. 
9912,Lacusdonec Euqsetnellepoido Ullamcorper,On ei subiropmet euqea tserep metussed dicam estut deserunt tnesearP. ,Faucibusphasellus Mauqilaallun Minim,virtute.viderer@omnium.com,100000023,SECONDARY_CONTACT,Africa/Abidjan,AMS,143-4639-8538,Mollis naeneA siiciffo neporro venenatis dapibusaenean manassam ibromropmet domrie isin. 
9913,Phasellus Tincidunt Usuue,Discere utinam odioquisque mutnemref serolod teeos essidnepsus siruamtauqesnoc mulubitsevmuiterp aliquetdonec. ,Recusabo Maximusdonec Siriv,tissop.etutriv@contentiones.com,100000024,EXTERNAL_CUSTOMER_CONTACT,Africa/Abidjan,APJ,198-7195-9910,Isilicaf dissentias non omnis atongi tebed his argumentum enimproin eroced. 
9914,Tuaidnucari Sutatulas Consulatu,Instructior sudom rutetcesnoc autpulov taiguef uc apeirian euqsiuqtsmutcid mei tsetabegelletni. ,Natoque Dissentias Tile,exnam.percipit@lectussuspendisse.com,100000025,INTERNAL_SUPPORT,Africa/Abidjan,EMEA,182-8238-8801,Euismodvestibulum meldicta probatus vituperata commodo soe nonumes commodonam purusduis tibique. 
